Run,ReleaseDate,LoadDate,spots,bases,spots_with_mates,avgLength,size_MB,AssemblyName,download_path,Experiment,LibraryName,LibraryStrategy,LibrarySelection,LibrarySource,LibraryLayout,InsertSize,InsertDev,Platform,Model,SRAStudy,BioProject,Study_Pubmed_id,ProjectID,Sample,BioSample,SampleType,TaxID,ScientificName,SampleName,g1k_pop_code,source,g1k_analysis_group,Subject_ID,Sex,Disease,Tumor,Affection_Status,Analyte_Type,Histological_Type,Body_Site,CenterName,Submission,dbgap_study_accession,Consent,RunHash,ReadHash
SRR11947608,2020-06-08 06:17:13,2020-06-08 05:54:38,314346526,30805959548,0,98,10367,GRCM38,https://sra-downloadb.be-md.ncbi.nlm.nih.gov/sos3/sra-pub-zq-22/SRR011/947/SRR11947608.sralite.1,SRX8492063,10X09_2_AB_1,RNA-Seq,Oligo-dT,TRANSCRIPTOMIC SINGLE CELL,SINGLE,0,0,ILLUMINA,Illumina HiSeq 3000,SRP266379,PRJNA637987,,637987,SRS6791267,SAMN15163267,simple,10090,Mus musculus,10X09_2,,,,,?,,no,,,,,KAROLINSKA INSTITUTE,SRA1084386,,public,985E4406128824FDCEACA938BE48219E,41E5165BC336ED4AB2B28A8E17C0B27F
SRR11947597,2020-06-08 05:28:27,2020-06-08 05:08:42,160381824,15717418752,0,98,4816,GRCM38,https://sra-downloadb.be-md.ncbi.nlm.nih.gov/sos3/sra-pub-zq-22/SRR011/947/SRR11947597.sralite.1,SRX8492074,10X09_3_A_1,RNA-Seq,Oligo-dT,TRANSCRIPTOMIC SINGLE CELL,SINGLE,0,0,ILLUMINA,Illumina HiSeq 3000,SRP266379,PRJNA637987,,637987,SRS6791278,SAMN15163268,simple,10090,Mus musculus,10X09_3,,,,,?,,no,,,,,KAROLINSKA INSTITUTE,SRA1084386,,public,30C88B3274BFD148C2DAD1E71CBF4BA8,3AB0F7B39910F61A2D2887DFA3576771
SRR11947586,2020-06-09 05:27:32,2020-06-09 04:55:12,347104477,34016238746,0,98,11111,GCA_000001635.4,https://sra-downloadb.be-md.ncbi.nlm.nih.gov/sos3/sra-pub-zq-22/SRR011/947/SRR11947586.sralite.1,SRX8492085,10X10_2_AB_1,RNA-Seq,Oligo-dT,TRANSCRIPTOMIC SINGLE CELL,SINGLE,0,0,ILLUMINA,Illumina HiSeq 3000,SRP266379,PRJNA637987,,637987,SRS6791289,SAMN15163269,simple,10090,Mus musculus,10X10_2,,,,,?,,no,,,,,KAROLINSKA INSTITUTE,SRA1084386,,public,3D8E08B40383DF2E6B35C9171213EBB8,8BCB332409D946E7A282E535B54938E4
SRR11947636,2020-06-08 05:07:15,2020-06-08 04:39:16,153076718,15001518364,0,98,5490,GRCM38,https://sra-downloadb.be-md.ncbi.nlm.nih.gov/sos3/sra-pub-zq-22/SRR011/947/SRR11947636.sralite.1,SRX8492035,10X12_4_A_1,RNA-Seq,Oligo-dT,TRANSCRIPTOMIC SINGLE CELL,SINGLE,0,0,ILLUMINA,Illumina HiSeq 3000,SRP266379,PRJNA637987,,637987,SRS6791239,SAMN15163274,simple,10090,Mus musculus,10X12_4,,,,,?,,no,,,,,KAROLINSKA INSTITUTE,SRA1084386,,public,AEA3165BDCDEB9512F9196CD3F6E56D8,39136CEBD887568D6BC276394FF2A5C0
SRR11947617,2020-06-08 05:11:20,2020-06-08 04:44:18,157936226,15477750148,0,98,5225,GRCM38,https://sra-downloadb.be-md.ncbi.nlm.nih.gov/sos5/sra-pub-zq-16/SRR011/947/SRR11947617.sralite.1,SRX8492054,10X13_3_A_1,RNA-Seq,Oligo-dT,TRANSCRIPTOMIC SINGLE CELL,SINGLE,0,0,ILLUMINA,Illumina HiSeq 3000,SRP266379,PRJNA637987,,637987,SRS6791258,SAMN15163276,simple,10090,Mus musculus,10X13_3,,,,,?,,no,,,,,KAROLINSKA INSTITUTE,SRA1084386,,public,35442F4F6AD2AE9EC942146092EC7B10,42A69804DE230D8F46BEB55675A839B3
SRR11947616,2020-06-08 05:02:37,2020-06-08 04:43:37,157513829,15436355242,0,98,5501,GRCM38,https://sra-downloadb.be-md.ncbi.nlm.nih.gov/sos3/sra-pub-zq-22/SRR011/947/SRR11947616.sralite.1,SRX8492055,10X13_4_A_1,RNA-Seq,Oligo-dT,TRANSCRIPTOMIC SINGLE CELL,SINGLE,0,0,ILLUMINA,Illumina HiSeq 3000,SRP266379,PRJNA637987,,637987,SRS6791259,SAMN15163277,simple,10090,Mus musculus,10X13_4,,,,,?,,no,,,,,KAROLINSKA INSTITUTE,SRA1084386,,public,3E1BD76F00B0C698C3376A1169739FD1,98653956B040A3476A9CDB1E28DF1553
SRR11947615,2020-06-08 05:06:27,2020-06-08 04:56:35,158043391,15488252318,0,98,4746,GRCM38,https://sra-downloadb.be-md.ncbi.nlm.nih.gov/sos5/sra-pub-zq-16/SRR011/947/SRR11947615.sralite.1,SRX8492056,10X13_5_A_1,RNA-Seq,Oligo-dT,TRANSCRIPTOMIC SINGLE CELL,SINGLE,0,0,ILLUMINA,Illumina HiSeq 3000,SRP266379,PRJNA637987,,637987,SRS6791260,SAMN15163278,simple,10090,Mus musculus,10X13_5,,,,,?,,no,,,,,KAROLINSKA INSTITUTE,SRA1084386,,public,7A67FAC44FF30B3AA5488E5763DBCDA7,0B8AE666238452E678865F460BB83B67
SRR11947614,2020-06-08 05:47:42,2020-06-08 05:29:28,186012450,18229220100,0,98,6194,GRCM38,https://sra-downloadb.be-md.ncbi.nlm.nih.gov/sos3/sra-pub-zq-22/SRR011/947/SRR11947614.sralite.1,SRX8492057,10X14_2_A_1,RNA-Seq,Oligo-dT,TRANSCRIPTOMIC SINGLE CELL,SINGLE,0,0,ILLUMINA,Illumina HiSeq 3000,SRP266379,PRJNA637987,,637987,SRS6791261,SAMN15163279,simple,10090,Mus musculus,10X14_2,,,,,?,,no,,,,,KAROLINSKA INSTITUTE,SRA1084386,,public,7D0365304A2AB7F4122DE0C5154C2012,60C197AF317C175F7088B98B30F86E9A
SRR11947613,2020-06-08 05:07:15,2020-06-08 04:49:46,174711464,17121723472,0,98,6067,GRCM38,https://sra-downloadb.be-md.ncbi.nlm.nih.gov/sos3/sra-pub-zq-22/SRR011/947/SRR11947613.sralite.1,SRX8492058,10X14_3_A_1,RNA-Seq,Oligo-dT,TRANSCRIPTOMIC SINGLE CELL,SINGLE,0,0,ILLUMINA,Illumina HiSeq 3000,SRP266379,PRJNA637987,,637987,SRS6791262,SAMN15163280,simple,10090,Mus musculus,10X14_3,,,,,?,,no,,,,,KAROLINSKA INSTITUTE,SRA1084386,,public,086A7731A59668E408C39F5DC142A34E,F254ACF30257D15C21E831EACF9F3608
SRR11947612,2020-06-08 05:28:27,2020-06-08 05:01:38,189723808,18592933184,0,98,6557,GRCM38,https://sra-downloadb.be-md.ncbi.nlm.nih.gov/sos3/sra-pub-zq-22/SRR011/947/SRR11947612.sralite.1,SRX8492059,10X14_4_A_1,RNA-Seq,Oligo-dT,TRANSCRIPTOMIC SINGLE CELL,SINGLE,0,0,ILLUMINA,Illumina HiSeq 3000,SRP266379,PRJNA637987,,637987,SRS6791263,SAMN15163281,simple,10090,Mus musculus,10X14_4,,,,,?,,no,,,,,KAROLINSKA INSTITUTE,SRA1084386,,public,C6BB46AD3EC6C7BBA215E07670038583,01769586A68B0483D1FF2A3395EFF3DA
SRR11947611,2020-06-08 05:45:31,2020-06-08 05:24:56,181824995,17818849510,0,98,5505,GRCM38,https://sra-downloadb.be-md.ncbi.nlm.nih.gov/sos5/sra-pub-zq-16/SRR011/947/SRR11947611.sralite.1,SRX8492060,10X15_2_A_1,RNA-Seq,Oligo-dT,TRANSCRIPTOMIC SINGLE CELL,SINGLE,0,0,ILLUMINA,Illumina HiSeq 3000,SRP266379,PRJNA637987,,637987,SRS6791264,SAMN15163282,simple,10090,Mus musculus,10X15_2,,,,,?,,no,,,,,KAROLINSKA INSTITUTE,SRA1084386,,public,5F847A1EF6B92D72C79DDC856A052E7D,5196466A0CF2963839FA73E63547F06D
SRR11947610,2020-06-08 05:24:18,2020-06-08 05:15:32,171549382,16811839436,0,98,5664,GRCM38,https://sra-downloadb.be-md.ncbi.nlm.nih.gov/sos3/sra-pub-zq-22/SRR011/947/SRR11947610.sralite.1,SRX8492061,10X15_3_A_1,RNA-Seq,Oligo-dT,TRANSCRIPTOMIC SINGLE CELL,SINGLE,0,0,ILLUMINA,Illumina HiSeq 3000,SRP266379,PRJNA637987,,637987,SRS6791265,SAMN15163283,simple,10090,Mus musculus,10X15_3,,,,,?,,no,,,,,KAROLINSKA INSTITUTE,SRA1084386,,public,195BF543D3DBB82A51DA33858DB27A73,CAB26C730BD040D5798EE8DE33D32DA0
SRR11947609,2020-06-08 05:20:12,2020-06-08 05:09:43,193715996,18984167608,0,98,6184,GRCM38,https://sra-downloadb.be-md.ncbi.nlm.nih.gov/sos3/sra-pub-zq-22/SRR011/947/SRR11947609.sralite.1,SRX8492062,10X15_4_A_1,RNA-Seq,Oligo-dT,TRANSCRIPTOMIC SINGLE CELL,SINGLE,0,0,ILLUMINA,Illumina HiSeq 3000,SRP266379,PRJNA637987,,637987,SRS6791266,SAMN15163284,simple,10090,Mus musculus,10X15_4,,,,,?,,no,,,,,KAROLINSKA INSTITUTE,SRA1084386,,public,96F67C4D2CA851214E1F5BACF684DEDE,C5B621365EC194654565EA2BB3FB2DDC
SRR11947607,2020-06-08 05:34:49,2020-06-08 05:21:52,184928515,18122994470,0,98,6164,GRCM38,https://sra-downloadb.be-md.ncbi.nlm.nih.gov/sos3/sra-pub-zq-22/SRR011/947/SRR11947607.sralite.1,SRX8492064,10X15_5_A_1,RNA-Seq,Oligo-dT,TRANSCRIPTOMIC SINGLE CELL,SINGLE,0,0,ILLUMINA,Illumina HiSeq 3000,SRP266379,PRJNA637987,,637987,SRS6791269,SAMN15163285,simple,10090,Mus musculus,10X15_5,,,,,?,,no,,,,,KAROLINSKA INSTITUTE,SRA1084386,,public,0BFF9FC2F1311E642473580AF799A2E1,24B2F14E1C6F785A2F8C45A5DF2CED47
SRR11947606,2020-06-08 05:08:32,2020-06-08 04:53:02,200138623,19613585054,0,98,6116,GRCM38,https://sra-downloadb.be-md.ncbi.nlm.nih.gov/sos3/sra-pub-zq-22/SRR011/947/SRR11947606.sralite.1,SRX8492065,10X16_2_A_1,RNA-Seq,Oligo-dT,TRANSCRIPTOMIC SINGLE CELL,SINGLE,0,0,ILLUMINA,Illumina HiSeq 3000,SRP266379,PRJNA637987,,637987,SRS6791268,SAMN15163286,simple,10090,Mus musculus,10X16_2,,,,,?,,no,,,,,KAROLINSKA INSTITUTE,SRA1084386,,public,1E9CAAC1A7354BD963AF9ED45A16C49A,375E673D15DC231BB87A91E19AEEF127
SRR11947605,2020-06-08 05:26:28,2020-06-08 05:09:33,166607823,16327566654,0,98,5624,GRCM38,https://sra-downloadb.be-md.ncbi.nlm.nih.gov/sos3/sra-pub-zq-22/SRR011/947/SRR11947605.sralite.1,SRX8492066,10X16_3_A_1,RNA-Seq,Oligo-dT,TRANSCRIPTOMIC SINGLE CELL,SINGLE,0,0,ILLUMINA,Illumina HiSeq 3000,SRP266379,PRJNA637987,,637987,SRS6791270,SAMN15163287,simple,10090,Mus musculus,10X16_3,,,,,?,,no,,,,,KAROLINSKA INSTITUTE,SRA1084386,,public,DB85580FB024F865AF23ACA9E5F85E41,AFA07A24B70842682B7AC9648A80EE07
SRR11947604,2020-06-08 05:19:32,2020-06-08 05:03:32,207978193,20381862914,0,98,6263,GRCM38,https://sra-downloadb.be-md.ncbi.nlm.nih.gov/sos3/sra-pub-zq-22/SRR011/947/SRR11947604.sralite.1,SRX8492067,10X16_4_A_1,RNA-Seq,Oligo-dT,TRANSCRIPTOMIC SINGLE CELL,SINGLE,0,0,ILLUMINA,Illumina HiSeq 3000,SRP266379,PRJNA637987,,637987,SRS6791271,SAMN15163288,simple,10090,Mus musculus,10X16_4,,,,,?,,no,,,,,KAROLINSKA INSTITUTE,SRA1084386,,public,91FED08D9BA58619FCEA91AB7590F007,38A36B453EDE6300E6170EFF203A2605
SRR11947603,2020-06-08 05:10:33,2020-06-08 04:53:22,168650957,16527793786,0,98,5496,GRCM38,https://sra-downloadb.be-md.ncbi.nlm.nih.gov/sos3/sra-pub-zq-22/SRR011/947/SRR11947603.sralite.1,SRX8492068,10X16_5_A_1,RNA-Seq,Oligo-dT,TRANSCRIPTOMIC SINGLE CELL,SINGLE,0,0,ILLUMINA,Illumina HiSeq 3000,SRP266379,PRJNA637987,,637987,SRS6791272,SAMN15163289,simple,10090,Mus musculus,10X16_5,,,,,?,,no,,,,,KAROLINSKA INSTITUTE,SRA1084386,,public,3D9CF56815E08F7E49C65B8FEE7A539B,DAAF7C542EE1CD10DF4CEB2176CDC112
SRR11947602,2020-06-08 04:56:31,2020-06-08 04:46:45,186070837,18234942026,0,98,5864,GRCM38,https://sra-downloadb.be-md.ncbi.nlm.nih.gov/sos3/sra-pub-zq-22/SRR011/947/SRR11947602.sralite.1,SRX8492069,10X17_2_A_1,RNA-Seq,Oligo-dT,TRANSCRIPTOMIC SINGLE CELL,SINGLE,0,0,ILLUMINA,Illumina HiSeq 3000,SRP266379,PRJNA637987,,637987,SRS6791273,SAMN15163290,simple,10090,Mus musculus,10X17_2,,,,,?,,no,,,,,KAROLINSKA INSTITUTE,SRA1084386,,public,55A146BD67996710BECD9E2E1CCADABF,CB977EBB258DED78953FB1B067C16DBD
SRR11947601,2020-06-08 05:14:13,2020-06-08 05:02:42,172517312,16906696576,0,98,5728,GRCM38,https://sra-downloadb.be-md.ncbi.nlm.nih.gov/sos3/sra-pub-zq-22/SRR011/947/SRR11947601.sralite.1,SRX8492070,10X17_3_A_1,RNA-Seq,Oligo-dT,TRANSCRIPTOMIC SINGLE CELL,SINGLE,0,0,ILLUMINA,Illumina HiSeq 3000,SRP266379,PRJNA637987,,637987,SRS6791274,SAMN15163291,simple,10090,Mus musculus,10X17_3,,,,,?,,no,,,,,KAROLINSKA INSTITUTE,SRA1084386,,public,BE1914BB8E7ECDFF1181AC3E85280DEF,2E116AFDFA58B405615DA9A9E809F626
SRR11947600,2020-06-08 05:21:45,2020-06-08 05:07:13,190703647,18688957406,0,98,6031,GRCM38,https://sra-downloadb.be-md.ncbi.nlm.nih.gov/sos5/sra-pub-zq-16/SRR011/947/SRR11947600.sralite.1,SRX8492071,10X17_4_A_1,RNA-Seq,Oligo-dT,TRANSCRIPTOMIC SINGLE CELL,SINGLE,0,0,ILLUMINA,Illumina HiSeq 3000,SRP266379,PRJNA637987,,637987,SRS6791275,SAMN15163292,simple,10090,Mus musculus,10X17_4,,,,,?,,no,,,,,KAROLINSKA INSTITUTE,SRA1084386,,public,D3F9926007863EBBC39C075B48670B36,1C066827CF90D459A2C81FB51CF20903
SRR11947599,2020-06-08 05:13:31,2020-06-08 05:00:22,160304249,15709816402,0,98,5580,GRCM38,https://sra-downloadb.be-md.ncbi.nlm.nih.gov/sos3/sra-pub-zq-22/SRR011/947/SRR11947599.sralite.1,SRX8492072,10X17_5_A_1,RNA-Seq,Oligo-dT,TRANSCRIPTOMIC SINGLE CELL,SINGLE,0,0,ILLUMINA,Illumina HiSeq 3000,SRP266379,PRJNA637987,,637987,SRS6791276,SAMN15163293,simple,10090,Mus musculus,10X17_5,,,,,?,,no,,,,,KAROLINSKA INSTITUTE,SRA1084386,,public,CDBB03EF199455FE8CD7622778D742DE,E53E7A0258A33AC857E6D8734694C86B
SRR11947598,2020-06-08 05:10:33,2020-06-08 04:55:28,166833776,16349710048,0,98,5828,GRCM38,https://sra-downloadb.be-md.ncbi.nlm.nih.gov/sos3/sra-pub-zq-22/SRR011/947/SRR11947598.sralite.1,SRX8492073,10X18_2_A_1,RNA-Seq,Oligo-dT,TRANSCRIPTOMIC SINGLE CELL,SINGLE,0,0,ILLUMINA,Illumina HiSeq 3000,SRP266379,PRJNA637987,,637987,SRS6791277,SAMN15163294,simple,10090,Mus musculus,10X18_2,,,,,?,,no,,,,,KAROLINSKA INSTITUTE,SRA1084386,,public,E8371971BA679803B53274C85D8E8C1C,59015E76A45E677DF0E0D39F40A1FA49
SRR11947596,2020-06-08 05:13:31,2020-06-08 05:02:15,177987796,17442804008,0,98,5512,GRCM38,https://sra-downloadb.be-md.ncbi.nlm.nih.gov/sos5/sra-pub-zq-16/SRR011/947/SRR11947596.sralite.1,SRX8492075,10X18_3_A_1,RNA-Seq,Oligo-dT,TRANSCRIPTOMIC SINGLE CELL,SINGLE,0,0,ILLUMINA,Illumina HiSeq 3000,SRP266379,PRJNA637987,,637987,SRS6791279,SAMN15163295,simple,10090,Mus musculus,10X18_3,,,,,?,,no,,,,,KAROLINSKA INSTITUTE,SRA1084386,,public,11FBB80B0D02D298B93F8DEB5B186333,F26F97FE86AAD8B3EA60E32051A5A9E8
SRR11947595,2020-06-08 05:04:30,2020-06-08 04:51:47,164683099,16138943702,0,98,5663,GRCM38,https://sra-downloadb.be-md.ncbi.nlm.nih.gov/sos3/sra-pub-zq-22/SRR011/947/SRR11947595.sralite.1,SRX8492076,10X18_4_A_1,RNA-Seq,Oligo-dT,TRANSCRIPTOMIC SINGLE CELL,SINGLE,0,0,ILLUMINA,Illumina HiSeq 3000,SRP266379,PRJNA637987,,637987,SRS6791280,SAMN15163296,simple,10090,Mus musculus,10X18_4,,,,,?,,no,,,,,KAROLINSKA INSTITUTE,SRA1084386,,public,7EE3757D0317064B688AEF40E7AE8C53,C30D3F0A7340B7EA634F447A4E6B535D
SRR11947594,2020-06-08 05:21:45,2020-06-08 05:04:04,165811640,16249540720,0,98,5146,GRCM38,https://sra-downloadb.be-md.ncbi.nlm.nih.gov/sos3/sra-pub-zq-22/SRR011/947/SRR11947594.sralite.1,SRX8492077,10X18_5_A_1,RNA-Seq,Oligo-dT,TRANSCRIPTOMIC SINGLE CELL,SINGLE,0,0,ILLUMINA,Illumina HiSeq 3000,SRP266379,PRJNA637987,,637987,SRS6791281,SAMN15163297,simple,10090,Mus musculus,10X18_5,,,,,?,,no,,,,,KAROLINSKA INSTITUTE,SRA1084386,,public,7081195C6AEF5A0C5A1F7F73247E1788,5207DC5C0E91AB6BDA996EA6BCA45706
SRR11947593,2020-06-08 05:38:13,2020-06-08 05:26:41,187660989,18390776922,0,98,6630,GRCM38,https://sra-downloadb.be-md.ncbi.nlm.nih.gov/sos3/sra-pub-zq-22/SRR011/947/SRR11947593.sralite.1,SRX8492078,10X21_2_A_1,RNA-Seq,Oligo-dT,TRANSCRIPTOMIC SINGLE CELL,SINGLE,0,0,ILLUMINA,Illumina HiSeq 3000,SRP266379,PRJNA637987,,637987,SRS6791283,SAMN15163298,simple,10090,Mus musculus,10X21_2,,,,,?,,no,,,,,KAROLINSKA INSTITUTE,SRA1084386,,public,FD2063EC3E934D9A29454CA02273FA72,DE19FD94E6B282D30C1C4BFA84C7FF65
SRR11947592,2020-06-08 05:07:15,2020-06-08 04:55:53,168734522,16535983156,0,98,6173,GRCM38,https://sra-downloadb.be-md.ncbi.nlm.nih.gov/sos5/sra-pub-zq-16/SRR011/947/SRR11947592.sralite.1,SRX8492079,10X23_2_A_1,RNA-Seq,Oligo-dT,TRANSCRIPTOMIC SINGLE CELL,SINGLE,0,0,ILLUMINA,Illumina HiSeq 3000,SRP266379,PRJNA637987,,637987,SRS6791282,SAMN15163299,simple,10090,Mus musculus,10X23_2,,,,,?,,no,,,,,KAROLINSKA INSTITUTE,SRA1084386,,public,4914AA3C0085C0EBDF6E883177979233,356AC947824A58E8B446B7FD4A159CEB
SRR11947591,2020-06-08 05:38:13,2020-06-08 05:24:16,165411731,16210349638,0,98,5855,GRCM38,https://sra-downloadb.be-md.ncbi.nlm.nih.gov/sos3/sra-pub-zq-22/SRR011/947/SRR11947591.sralite.1,SRX8492080,10X23_3_A_1,RNA-Seq,Oligo-dT,TRANSCRIPTOMIC SINGLE CELL,SINGLE,0,0,ILLUMINA,Illumina HiSeq 3000,SRP266379,PRJNA637987,,637987,SRS6791284,SAMN15163300,simple,10090,Mus musculus,10X23_3,,,,,?,,no,,,,,KAROLINSKA INSTITUTE,SRA1084386,,public,FA635BEE137686E19BB1CB05892F3748,CF238E2808895F9AAF81260488B94FC5
SRR11947590,2020-06-08 04:54:30,2020-06-08 04:43:04,163912282,16063403636,0,98,5920,GRCM38,https://sra-downloadb.be-md.ncbi.nlm.nih.gov/sos3/sra-pub-zq-24/SRR011/11947/SRR11947590/SRR11947590.lite.1,SRX8492081,10X23_4_A_1,RNA-Seq,Oligo-dT,TRANSCRIPTOMIC SINGLE CELL,SINGLE,0,0,ILLUMINA,Illumina HiSeq 3000,SRP266379,PRJNA637987,,637987,SRS6791285,SAMN15163301,simple,10090,Mus musculus,10X23_4,,,,,?,,no,,,,,KAROLINSKA INSTITUTE,SRA1084386,,public,906153067674D83B3C9459A866386723,086E16203376BAA887CE97552283CDCD
SRR11947589,2020-06-08 05:58:26,2020-06-08 05:41:39,175452892,17194383416,0,98,6105,GRCM38,https://sra-downloadb.be-md.ncbi.nlm.nih.gov/sos5/sra-pub-zq-16/SRR011/947/SRR11947589.sralite.1,SRX8492082,10X25_2_A_1,RNA-Seq,Oligo-dT,TRANSCRIPTOMIC SINGLE CELL,SINGLE,0,0,ILLUMINA,Illumina HiSeq 3000,SRP266379,PRJNA637987,,637987,SRS6791286,SAMN15163302,simple,10090,Mus musculus,10X25_2,,,,,?,,no,,,,,KAROLINSKA INSTITUTE,SRA1084386,,public,EDF90D20F06CEB92A7FF6288AFBFA898,BCEFEFB83392445F7456C09953D11AAE
SRR11947588,2020-06-08 05:05:16,2020-06-08 04:48:30,171564702,16813340796,0,98,6036,GRCM38,https://sra-downloadb.be-md.ncbi.nlm.nih.gov/sos5/sra-pub-zq-16/SRR011/947/SRR11947588.sralite.1,SRX8492083,10X25_3_A_1,RNA-Seq,Oligo-dT,TRANSCRIPTOMIC SINGLE CELL,SINGLE,0,0,ILLUMINA,Illumina HiSeq 3000,SRP266379,PRJNA637987,,637987,SRS6791287,SAMN15163303,simple,10090,Mus musculus,10X25_3,,,,,?,,no,,,,,KAROLINSKA INSTITUTE,SRA1084386,,public,004FCED9EBD4B128FEBD8FCF479EDC78,DA1B857442571BFEACD12F7C48A78079
SRR11947587,2020-06-08 05:17:33,2020-06-08 05:01:34,154631934,15153929532,0,98,5549,GRCM38,https://sra-downloadb.be-md.ncbi.nlm.nih.gov/sos3/sra-pub-zq-22/SRR011/947/SRR11947587.sralite.1,SRX8492084,10X25_4_A_1,RNA-Seq,Oligo-dT,TRANSCRIPTOMIC SINGLE CELL,SINGLE,0,0,ILLUMINA,Illumina HiSeq 3000,SRP266379,PRJNA637987,,637987,SRS6791288,SAMN15163304,simple,10090,Mus musculus,10X25_4,,,,,?,,no,,,,,KAROLINSKA INSTITUTE,SRA1084386,,public,33A6A64B71BE7A67F7CC34FC80279BDE,CF64496875D317F26B39C1BF092A4261
SRR11947585,2020-06-08 04:55:18,2020-06-08 04:44:22,161066488,15784515824,0,98,5884,GRCM38,https://sra-downloadb.be-md.ncbi.nlm.nih.gov/sos3/sra-pub-zq-22/SRR011/947/SRR11947585.sralite.1,SRX8492086,10X25_5_A_1,RNA-Seq,Oligo-dT,TRANSCRIPTOMIC SINGLE CELL,SINGLE,0,0,ILLUMINA,Illumina HiSeq 3000,SRP266379,PRJNA637987,,637987,SRS6791290,SAMN15163305,simple,10090,Mus musculus,10X25_5,,,,,?,,no,,,,,KAROLINSKA INSTITUTE,SRA1084386,,public,9DF9AC4D4838608A0FE2739FFD2262E9,69131C6909270CF700D29679005A7CE9
SRR11947584,2020-06-08 05:24:18,2020-06-08 05:11:59,196520391,19258998318,0,98,7079,GRCM38,https://sra-downloadb.be-md.ncbi.nlm.nih.gov/sos3/sra-pub-zq-22/SRR011/947/SRR11947584.sralite.1,SRX8492087,10X25_6_A_1,RNA-Seq,Oligo-dT,TRANSCRIPTOMIC SINGLE CELL,SINGLE,0,0,ILLUMINA,Illumina HiSeq 3000,SRP266379,PRJNA637987,,637987,SRS6791291,SAMN15163306,simple,10090,Mus musculus,10X25_6,,,,,?,,no,,,,,KAROLINSKA INSTITUTE,SRA1084386,,public,C460D2EFEF3688B3B1018BB215D0E9FE,9D90797DBB1D92498E9D5864E881CA8D
SRR11947583,2020-06-08 04:58:29,2020-06-08 04:46:21,178093865,17453198770,0,98,6732,GRCM38,https://sra-downloadb.be-md.ncbi.nlm.nih.gov/sos3/sra-pub-zq-22/SRR011/947/SRR11947583.sralite.1,SRX8492088,10X25_7_A_1,RNA-Seq,Oligo-dT,TRANSCRIPTOMIC SINGLE CELL,SINGLE,0,0,ILLUMINA,Illumina HiSeq 3000,SRP266379,PRJNA637987,,637987,SRS6791292,SAMN15163307,simple,10090,Mus musculus,10X25_7,,,,,?,,no,,,,,KAROLINSKA INSTITUTE,SRA1084386,,public,4569CFD4B6FBE4C274E2D89D26D9E47F,67F8441235E35B95BE475A80E284372C
SRR11947582,2020-06-08 05:06:27,2020-06-08 04:50:06,184064249,18038296402,0,98,6465,GRCM38,https://sra-downloadb.be-md.ncbi.nlm.nih.gov/sos5/sra-pub-zq-16/SRR011/947/SRR11947582.sralite.1,SRX8492089,10X27_2_A_1,RNA-Seq,Oligo-dT,TRANSCRIPTOMIC SINGLE CELL,SINGLE,0,0,ILLUMINA,Illumina HiSeq 3000,SRP266379,PRJNA637987,,637987,SRS6791293,SAMN15163308,simple,10090,Mus musculus,10X27_2,,,,,?,,no,,,,,KAROLINSKA INSTITUTE,SRA1084386,,public,A13B8DAF49D26D3A3664086D7EB30C6F,4ADBFB470123ED13D164E75C6E085FC4
SRR11947581,2020-06-08 05:06:27,2020-06-08 04:52:42,185406650,18169851700,0,98,6649,GRCM38,https://sra-downloadb.be-md.ncbi.nlm.nih.gov/sos3/sra-pub-zq-22/SRR011/947/SRR11947581.sralite.1,SRX8492090,10X27_3_A_1,RNA-Seq,Oligo-dT,TRANSCRIPTOMIC SINGLE CELL,SINGLE,0,0,ILLUMINA,Illumina HiSeq 3000,SRP266379,PRJNA637987,,637987,SRS6791294,SAMN15163309,simple,10090,Mus musculus,10X27_3,,,,,?,,no,,,,,KAROLINSKA INSTITUTE,SRA1084386,,public,83D479C87D3F1FDBFD54FE549C7B86F5,A973494D45DFB7A01F65EABA17477AA6
SRR11947580,2020-06-08 05:58:26,2020-06-08 05:43:31,198878082,19490052036,0,98,6864,GRCM38,https://sra-downloadb.be-md.ncbi.nlm.nih.gov/sos3/sra-pub-zq-22/SRR011/947/SRR11947580.sralite.1,SRX8492091,10X27_7_A_1,RNA-Seq,Oligo-dT,TRANSCRIPTOMIC SINGLE CELL,SINGLE,0,0,ILLUMINA,Illumina HiSeq 3000,SRP266379,PRJNA637987,,637987,SRS6791296,SAMN15163310,simple,10090,Mus musculus,10X27_7,,,,,?,,no,,,,,KAROLINSKA INSTITUTE,SRA1084386,,public,8E7B025813372266BBF6A2649DC775BD,538941FB4AEDEC6C2089424C01B030D3
SRR11947579,2020-06-08 05:26:28,2020-06-08 05:11:18,189192060,18540821880,0,98,6318,GRCM38,https://sra-downloadb.be-md.ncbi.nlm.nih.gov/sos5/sra-pub-zq-16/SRR011/947/SRR11947579.sralite.1,SRX8492092,10X29_2_A_1,RNA-Seq,Oligo-dT,TRANSCRIPTOMIC SINGLE CELL,SINGLE,0,0,ILLUMINA,Illumina HiSeq 3000,SRP266379,PRJNA637987,,637987,SRS6791295,SAMN15163311,simple,10090,Mus musculus,10X29_2,,,,,?,,no,,,,,KAROLINSKA INSTITUTE,SRA1084386,,public,5230A5CB06B4EF156DBA148B95B2175D,3733B1A2A56260D0D8B65CD23AAE2380
SRR11947578,2020-06-08 05:34:49,2020-06-08 05:21:09,175148216,17164525168,0,98,5649,GRCM38,https://sra-downloadb.be-md.ncbi.nlm.nih.gov/sos3/sra-pub-zq-22/SRR011/947/SRR11947578.sralite.1,SRX8492093,10X29_3_A_1,RNA-Seq,Oligo-dT,TRANSCRIPTOMIC SINGLE CELL,SINGLE,0,0,ILLUMINA,Illumina HiSeq 3000,SRP266379,PRJNA637987,,637987,SRS6791297,SAMN15163312,simple,10090,Mus musculus,10X29_3,,,,,?,,no,,,,,KAROLINSKA INSTITUTE,SRA1084386,,public,F418A1C31EB8EE3F526BC771FAE88AD7,51A54750BFDC641A824E040E1CB5137D
SRR11947637,2020-06-08 05:21:45,2020-06-08 05:02:42,187309490,18356330020,0,98,6048,GRCM38,https://sra-downloadb.be-md.ncbi.nlm.nih.gov/sos5/sra-pub-zq-16/SRR011/947/SRR11947637.sralite.1,SRX8492034,10X68_6_A_1,RNA-Seq,Oligo-dT,TRANSCRIPTOMIC SINGLE CELL,SINGLE,0,0,ILLUMINA,Illumina HiSeq 3000,SRP266379,PRJNA637987,,637987,SRS6791238,SAMN15163354,simple,10090,Mus musculus,10X68_6,,,,,?,,no,,,,,KAROLINSKA INSTITUTE,SRA1084386,,public,BDA94634C2C98DE0CA61A5841DC693F3,B5AC8CCE674A06BB30203C9249C3CC62
SRR11947635,2020-06-08 05:27:15,2020-06-08 05:02:00,182382963,17873530374,0,98,6017,GRCM38,https://sra-downloadb.be-md.ncbi.nlm.nih.gov/sos5/sra-pub-zq-16/SRR011/947/SRR11947635.sralite.1,SRX8492036,10X69_4_A_1,RNA-Seq,Oligo-dT,TRANSCRIPTOMIC SINGLE CELL,SINGLE,0,0,ILLUMINA,Illumina HiSeq 3000,SRP266379,PRJNA637987,,637987,SRS6791240,SAMN15163355,simple,10090,Mus musculus,10X69_4,,,,,?,,no,,,,,KAROLINSKA INSTITUTE,SRA1084386,,public,6F2E5767524DA65B1A3F8E935552BBC1,6BF55BA2329377B67AF6B4AB5C87AA39
SRR11947634,2020-06-08 05:34:49,2020-06-08 05:02:30,179538680,17594790640,0,98,5852,GRCM38,https://sra-downloadb.be-md.ncbi.nlm.nih.gov/sos3/sra-pub-zq-22/SRR011/947/SRR11947634.sralite.1,SRX8492037,10X70_3_A_1,RNA-Seq,Oligo-dT,TRANSCRIPTOMIC SINGLE CELL,SINGLE,0,0,ILLUMINA,Illumina HiSeq 3000,SRP266379,PRJNA637987,,637987,SRS6791241,SAMN15163356,simple,10090,Mus musculus,10X70_3,,,,,?,,no,,,,,KAROLINSKA INSTITUTE,SRA1084386,,public,969A3268B713D4980AB4271B9BA29122,52E8F72065EC1D4C79DF2205F6E6B95C
SRR11947633,2020-06-08 05:00:29,2020-06-08 04:47:01,182923702,17926522796,0,98,5953,GRCM38,https://sra-downloadb.be-md.ncbi.nlm.nih.gov/sos3/sra-pub-zq-22/SRR011/947/SRR11947633.sralite.1,SRX8492038,10X70_4_A_1,RNA-Seq,Oligo-dT,TRANSCRIPTOMIC SINGLE CELL,SINGLE,0,0,ILLUMINA,Illumina HiSeq 3000,SRP266379,PRJNA637987,,637987,SRS6791242,SAMN15163357,simple,10090,Mus musculus,10X70_4,,,,,?,,no,,,,,KAROLINSKA INSTITUTE,SRA1084386,,public,19B09DE6CB16EABA46CE20F2CC1C8E33,780CC7E774F21876CD064A477B27AE7B
SRR11947632,2020-06-08 05:19:32,2020-06-08 05:07:29,183422148,17975370504,0,98,5844,GRCM38,https://sra-downloadb.be-md.ncbi.nlm.nih.gov/sos5/sra-pub-zq-16/SRR011/947/SRR11947632.sralite.1,SRX8492039,10X70_5_A_1,RNA-Seq,Oligo-dT,TRANSCRIPTOMIC SINGLE CELL,SINGLE,0,0,ILLUMINA,Illumina HiSeq 3000,SRP266379,PRJNA637987,,637987,SRS6791243,SAMN15163358,simple,10090,Mus musculus,10X70_5,,,,,?,,no,,,,,KAROLINSKA INSTITUTE,SRA1084386,,public,5E02395F4ABBC92CA6B078DFA1A00DC3,602333892153AB179F32233E3302BB0E
SRR11947631,2020-06-08 05:19:32,2020-06-08 05:02:46,186126873,18240433554,0,98,6273,GRCM38,https://sra-downloadb.be-md.ncbi.nlm.nih.gov/sos3/sra-pub-zq-22/SRR011/947/SRR11947631.sralite.1,SRX8492040,10X70_6_A_1,RNA-Seq,Oligo-dT,TRANSCRIPTOMIC SINGLE CELL,SINGLE,0,0,ILLUMINA,Illumina HiSeq 3000,SRP266379,PRJNA637987,,637987,SRS6791244,SAMN15163359,simple,10090,Mus musculus,10X70_6,,,,,?,,no,,,,,KAROLINSKA INSTITUTE,SRA1084386,,public,0812C013988BF025E72DC72524BFBE2C,25573BBF0E0D7766E8CD7409870FB6C2
SRR11947630,2020-06-08 04:37:44,2020-06-08 04:28:53,91112136,8928989328,0,98,2938,GRCM38,https://sra-downloadb.be-md.ncbi.nlm.nih.gov/sos3/sra-pub-zq-22/SRR011/947/SRR11947630.sralite.1,SRX8492041,10X70_7_A_1,RNA-Seq,Oligo-dT,TRANSCRIPTOMIC SINGLE CELL,SINGLE,0,0,ILLUMINA,Illumina HiSeq 3000,SRP266379,PRJNA637987,,637987,SRS6791245,SAMN15163360,simple,10090,Mus musculus,10X70_7,,,,,?,,no,,,,,KAROLINSKA INSTITUTE,SRA1084386,,public,1BF1BDC04D66B3E0F86D236F8383AC68,5EC8D1E0CBC7148BA0C47F2867AC2FE6
SRR11947629,2020-06-08 04:52:36,2020-06-08 04:42:16,165682736,16236908128,0,98,5575,GRCM38,https://sra-downloadb.be-md.ncbi.nlm.nih.gov/sos5/sra-pub-zq-16/SRR011/947/SRR11947629.sralite.1,SRX8492042,10X71_3_A_1,RNA-Seq,Oligo-dT,TRANSCRIPTOMIC SINGLE CELL,SINGLE,0,0,ILLUMINA,Illumina HiSeq 3000,SRP266379,PRJNA637987,,637987,SRS6791246,SAMN15163361,simple,10090,Mus musculus,10X71_3,,,,,?,,no,,,,,KAROLINSKA INSTITUTE,SRA1084386,,public,F473DBA90E058D17DA523AA09CAD370E,EDA84A38C14617B6878D987DD4EA2F58
SRR11947628,2020-06-08 04:40:30,2020-06-08 04:28:36,88876878,8709934044,0,98,3224,GRCM38,https://sra-downloadb.be-md.ncbi.nlm.nih.gov/sos5/sra-pub-zq-16/SRR011/947/SRR11947628.sralite.1,SRX8492043,10X71_4_A_1,RNA-Seq,Oligo-dT,TRANSCRIPTOMIC SINGLE CELL,SINGLE,0,0,ILLUMINA,Illumina HiSeq 3000,SRP266379,PRJNA637987,,637987,SRS6791247,SAMN15163362,simple,10090,Mus musculus,10X71_4,,,,,?,,no,,,,,KAROLINSKA INSTITUTE,SRA1084386,,public,3DBF29AF40863C9BCE1FEBAA3E4F11B9,DE1A8D615C76A305B95F37187E3250B7
SRR11947627,2020-06-08 05:47:42,2020-06-08 05:26:16,186082158,18236051484,0,98,6949,GRCM38,https://sra-downloadb.be-md.ncbi.nlm.nih.gov/sos5/sra-pub-zq-16/SRR011/947/SRR11947627.sralite.1,SRX8492044,10X71_5_A_1,RNA-Seq,Oligo-dT,TRANSCRIPTOMIC SINGLE CELL,SINGLE,0,0,ILLUMINA,Illumina HiSeq 3000,SRP266379,PRJNA637987,,637987,SRS6791248,SAMN15163363,simple,10090,Mus musculus,10X71_5,,,,,?,,no,,,,,KAROLINSKA INSTITUTE,SRA1084386,,public,90DF8333C57479263FC00E2D9CE816E5,3FB264A20BD2EF0FE4A1484A35407CA3
SRR11947626,2020-06-08 05:15:32,2020-06-08 04:52:34,180360712,17675349776,0,98,6093,GRCM38,https://sra-downloadb.be-md.ncbi.nlm.nih.gov/sos5/sra-pub-zq-16/SRR011/947/SRR11947626.sralite.1,SRX8492045,10X71_6_A_1,RNA-Seq,Oligo-dT,TRANSCRIPTOMIC SINGLE CELL,SINGLE,0,0,ILLUMINA,Illumina HiSeq 3000,SRP266379,PRJNA637987,,637987,SRS6791249,SAMN15163364,simple,10090,Mus musculus,10X71_6,,,,,?,,no,,,,,KAROLINSKA INSTITUTE,SRA1084386,,public,786CB2B6FBFB3AEC76FB423626565F48,AC6508F2BCED495627F79FDDBC5E4ED3
SRR11947625,2020-06-08 05:08:32,2020-06-08 04:47:31,179096179,17551425542,0,98,5778,GRCM38,https://sra-downloadb.be-md.ncbi.nlm.nih.gov/sos3/sra-pub-zq-22/SRR011/947/SRR11947625.sralite.1,SRX8492046,10X71_7_A_1,RNA-Seq,Oligo-dT,TRANSCRIPTOMIC SINGLE CELL,SINGLE,0,0,ILLUMINA,Illumina HiSeq 3000,SRP266379,PRJNA637987,,637987,SRS6791250,SAMN15163365,simple,10090,Mus musculus,10X71_7,,,,,?,,no,,,,,KAROLINSKA INSTITUTE,SRA1084386,,public,ACFEDA632B6533B7F01E9334053FCA86,D20963F162F7592A9FDD9D23CB2A7C32
SRR11947624,2020-06-08 05:08:32,2020-06-08 04:51:59,175488883,17197910534,0,98,6740,GRCM38,https://sra-downloadb.be-md.ncbi.nlm.nih.gov/sos3/sra-pub-zq-22/SRR011/947/SRR11947624.sralite.1,SRX8492047,10X72_3_A_1,RNA-Seq,Oligo-dT,TRANSCRIPTOMIC SINGLE CELL,SINGLE,0,0,ILLUMINA,Illumina HiSeq 3000,SRP266379,PRJNA637987,,637987,SRS6791251,SAMN15163366,simple,10090,Mus musculus,10X72_3,,,,,?,,no,,,,,KAROLINSKA INSTITUTE,SRA1084386,,public,2E8C3533129551E8C26F5FBBEBF0000B,FADA251BF4DD16C8D809C46BD7AA596E
SRR11947623,2020-06-08 05:06:27,2020-06-08 04:53:03,182362709,17871545482,0,98,5832,GRCM38,https://sra-downloadb.be-md.ncbi.nlm.nih.gov/sos3/sra-pub-zq-22/SRR011/947/SRR11947623.sralite.1,SRX8492048,10X73_3_A_1,RNA-Seq,Oligo-dT,TRANSCRIPTOMIC SINGLE CELL,SINGLE,0,0,ILLUMINA,Illumina HiSeq 3000,SRP266379,PRJNA637987,,637987,SRS6791252,SAMN15163367,simple,10090,Mus musculus,10X73_3,,,,,?,,no,,,,,KAROLINSKA INSTITUTE,SRA1084386,,public,C3986AFC7F2647BC0CC5C4447A8E57AA,AF24236E36C70D8C27EB6C2C03541221
SRR11947622,2020-06-08 04:47:33,2020-06-08 04:40:53,99135297,9715259106,0,98,3345,GRCM38,https://sra-downloadb.be-md.ncbi.nlm.nih.gov/sos5/sra-pub-zq-16/SRR011/947/SRR11947622.sralite.1,SRX8492049,10X73_5_A_1,RNA-Seq,Oligo-dT,TRANSCRIPTOMIC SINGLE CELL,SINGLE,0,0,ILLUMINA,Illumina HiSeq 3000,SRP266379,PRJNA637987,,637987,SRS6791253,SAMN15163368,simple,10090,Mus musculus,10X73_5,,,,,?,,no,,,,,KAROLINSKA INSTITUTE,SRA1084386,,public,D557FBABEDA77DF7C446E192D719D010,273676DDFDA5D8FE9DA0AC9ECDCF049C
SRR11947621,2020-06-08 05:19:32,2020-06-08 05:04:12,176193516,17266964568,0,98,5924,GRCM38,https://sra-downloadb.be-md.ncbi.nlm.nih.gov/sos3/sra-pub-zq-22/SRR011/947/SRR11947621.sralite.1,SRX8492050,10X73_6_A_1,RNA-Seq,Oligo-dT,TRANSCRIPTOMIC SINGLE CELL,SINGLE,0,0,ILLUMINA,Illumina HiSeq 3000,SRP266379,PRJNA637987,,637987,SRS6791254,SAMN15163369,simple,10090,Mus musculus,10X73_6,,,,,?,,no,,,,,KAROLINSKA INSTITUTE,SRA1084386,,public,C5BB0A5C271FE5E8214A6B64C575606A,711FA1C88989AD980AC147E46616DE78
SRR11947620,2020-06-08 05:34:49,2020-06-08 05:01:39,187942024,18418318352,0,98,5746,GRCM38,https://sra-downloadb.be-md.ncbi.nlm.nih.gov/sos3/sra-pub-zq-22/SRR011/947/SRR11947620.sralite.1,SRX8492051,10X74_4_A_1,RNA-Seq,Oligo-dT,TRANSCRIPTOMIC SINGLE CELL,SINGLE,0,0,ILLUMINA,Illumina HiSeq 3000,SRP266379,PRJNA637987,,637987,SRS6791255,SAMN15163370,simple,10090,Mus musculus,10X74_4,,,,,?,,no,,,,,KAROLINSKA INSTITUTE,SRA1084386,,public,1B8AA58AC621EC937D4C7F97C02B60B8,7E2AC6715B7331D79074339E9795C431
SRR11947619,2020-06-08 05:27:15,2020-06-08 05:05:58,222148855,21770587790,0,98,9037,GRCM38,https://sra-downloadb.be-md.ncbi.nlm.nih.gov/sos5/sra-pub-zq-16/SRR011/947/SRR11947619.sralite.1,SRX8492052,10X83_1_A_1,RNA-Seq,Oligo-dT,TRANSCRIPTOMIC SINGLE CELL,SINGLE,0,0,ILLUMINA,Illumina HiSeq 3000,SRP266379,PRJNA637987,,637987,SRS6791256,SAMN15163371,simple,10090,Mus musculus,10X83_1,,,,,?,,no,,,,,KAROLINSKA INSTITUTE,SRA1084386,,public,122349AA2B5BC68D7837292FC7B15AA3,8551EF9892117477FAECE199DA6BED58
SRR11947618,2020-06-08 05:38:13,2020-06-08 05:23:55,153168827,15010545046,0,98,6187,GRCM38,https://sra-downloadb.be-md.ncbi.nlm.nih.gov/sos3/sra-pub-zq-22/SRR011/947/SRR11947618.sralite.1,SRX8492053,10X84_1_A_1,RNA-Seq,Oligo-dT,TRANSCRIPTOMIC SINGLE CELL,SINGLE,0,0,ILLUMINA,Illumina HiSeq 3000,SRP266379,PRJNA637987,,637987,SRS6791257,SAMN15163372,simple,10090,Mus musculus,10X84_1,,,,,?,,no,,,,,KAROLINSKA INSTITUTE,SRA1084386,,public,CC4480E7FB125948956035938FC5820F,EE748D586AC76D4020186909EF278E32
SRR11947661,2020-06-08 05:04:30,2020-06-08 04:54:27,166845731,16350881638,0,98,5864,GRCM38,https://sra-downloadb.be-md.ncbi.nlm.nih.gov/sos3/sra-pub-zq-22/SRR011/947/SRR11947661.sralite.1,SRX8492010,10X08_1_A_1,RNA-Seq,Oligo-dT,TRANSCRIPTOMIC SINGLE CELL,SINGLE,0,0,ILLUMINA,Illumina HiSeq 3000,SRP266379,PRJNA637987,,637987,SRS6791214,SAMN15163265,simple,10090,Mus musculus,10X08_1,,,,,?,,no,,,,,KAROLINSKA INSTITUTE,SRA1084386,,public,7BE3A5D62F4B35F55BF7571C027D48DF,C0456461170384B110E7F133D6874C8D
SRR11947660,2020-06-08 05:15:32,2020-06-08 04:58:12,167322985,16397652530,0,98,5099,GRCM38,https://sra-downloadb.be-md.ncbi.nlm.nih.gov/sos3/sra-pub-zq-22/SRR011/947/SRR11947660.sralite.1,SRX8492011,10X09_1_A_1,RNA-Seq,Oligo-dT,TRANSCRIPTOMIC SINGLE CELL,SINGLE,0,0,ILLUMINA,Illumina HiSeq 3000,SRP266379,PRJNA637987,,637987,SRS6791215,SAMN15163266,simple,10090,Mus musculus,10X09_1,,,,,?,,no,,,,,KAROLINSKA INSTITUTE,SRA1084386,,public,EF6137ADDE422D3B0C5517ADF3DD58E7,63CE2E858FC6DD153317F05F4AA8A5BE
SRR11947672,2020-06-08 05:28:27,2020-06-08 05:10:59,164255897,16097077906,0,98,5089,GRCM38,https://sra-downloadb.be-md.ncbi.nlm.nih.gov/sos3/sra-pub-zq-22/SRR011/947/SRR11947672.sralite.1,SRX8491999,10X10_4_A_1,RNA-Seq,Oligo-dT,TRANSCRIPTOMIC SINGLE CELL,SINGLE,0,0,ILLUMINA,Illumina HiSeq 3000,SRP266379,PRJNA637987,,637987,SRS6791203,SAMN15163271,simple,10090,Mus musculus,10X10_4,,,,,?,,no,,,,,KAROLINSKA INSTITUTE,SRA1084386,,public,0815A88C408B8B521413EB5583D7DF11,BD8DDFAEC6F45088A3996B4A3ECE2156
SRR11947658,2020-06-08 07:18:03,2020-06-08 06:10:16,335810133,32909393034,0,98,11754,GRCM38,https://sra-downloadb.be-md.ncbi.nlm.nih.gov/sos5/sra-pub-zq-16/SRR011/947/SRR11947658.sralite.1,SRX8492013,10X12_2_AB_1,RNA-Seq,Oligo-dT,TRANSCRIPTOMIC SINGLE CELL,SINGLE,0,0,ILLUMINA,Illumina HiSeq 3000,SRP266379,PRJNA637987,,637987,SRS6791217,SAMN15163272,simple,10090,Mus musculus,10X12_2,,,,,?,,no,,,,,KAROLINSKA INSTITUTE,SRA1084386,,public,6D3CACD53CE130027D0635589BC9363F,F106836A53BA700A63AC97C366204DC7
SRR11947647,2020-06-08 05:15:32,2020-06-08 04:53:22,162933468,15967479864,0,98,5565,GRCM38,https://sra-downloadb.be-md.ncbi.nlm.nih.gov/sos5/sra-pub-zq-16/SRR011/947/SRR11947647.sralite.1,SRX8492024,10X12_3_A_1,RNA-Seq,Oligo-dT,TRANSCRIPTOMIC SINGLE CELL,SINGLE,0,0,ILLUMINA,Illumina HiSeq 3000,SRP266379,PRJNA637987,,637987,SRS6791228,SAMN15163273,simple,10090,Mus musculus,10X12_3,,,,,?,,no,,,,,KAROLINSKA INSTITUTE,SRA1084386,,public,7DFE1FF9D0C3CE9C5CB82C68400CD78C,49FE69D20E686A15D15FCCEFE2E0D5E1
SRR11947659,2020-06-08 06:08:28,2020-06-08 05:42:04,296134682,29021198836,0,98,8998,GRCM38,https://sra-downloadb.be-md.ncbi.nlm.nih.gov/sos3/sra-pub-zq-22/SRR011/947/SRR11947659.sralite.1,SRX8492012,10X13_2_AB_1,RNA-Seq,Oligo-dT,TRANSCRIPTOMIC SINGLE CELL,SINGLE,0,0,ILLUMINA,Illumina HiSeq 3000,SRP266379,PRJNA637987,,637987,SRS6791216,SAMN15163275,simple,10090,Mus musculus,10X13_2,,,,,?,,no,,,,,KAROLINSKA INSTITUTE,SRA1084386,,public,6A9A0FB23BC07C4AAE48AF1D1C517414,4EFEBC91B58988F4D7B65E38EBD405C6
SRR11947677,2020-06-08 05:11:20,2020-06-08 04:57:38,192620334,18876792732,0,98,6087,GRCM38,https://sra-downloadb.be-md.ncbi.nlm.nih.gov/sos3/sra-pub-zq-22/SRR011/947/SRR11947677.sralite.1,SRX8491994,10X32_6_A_1,RNA-Seq,Oligo-dT,TRANSCRIPTOMIC SINGLE CELL,SINGLE,0,0,ILLUMINA,Illumina HiSeq 3000,SRP266379,PRJNA637987,,637987,SRS6791198,SAMN15163320,simple,10090,Mus musculus,10X32_6,,,,,?,,no,,,,,KAROLINSKA INSTITUTE,SRA1084386,,public,A4A26493D5BD09E48CCAD3E993695B62,58E0C60F8472FFB1DB75F587040CD069
SRR11947676,2020-06-08 05:08:32,2020-06-08 04:57:15,178704822,17513072556,0,98,6398,GRCM38,https://sra-downloadb.be-md.ncbi.nlm.nih.gov/sos3/sra-pub-zq-22/SRR011/947/SRR11947676.sralite.1,SRX8491995,10X37_2_A_1,RNA-Seq,Oligo-dT,TRANSCRIPTOMIC SINGLE CELL,SINGLE,0,0,ILLUMINA,Illumina HiSeq 3000,SRP266379,PRJNA637987,,637987,SRS6791199,SAMN15163321,simple,10090,Mus musculus,10X37_2,,,,,?,,no,,,,,KAROLINSKA INSTITUTE,SRA1084386,,public,33358EFABA1A81339517773ACE25CB7C,FA35ABCD596D07444A08AC195BAA86C4
SRR11947675,2020-06-08 05:15:32,2020-06-08 05:04:58,181947331,17830838438,0,98,6869,GRCM38,https://sra-downloadb.be-md.ncbi.nlm.nih.gov/sos3/sra-pub-zq-22/SRR011/947/SRR11947675.sralite.1,SRX8491996,10X39_2_A_1,RNA-Seq,Oligo-dT,TRANSCRIPTOMIC SINGLE CELL,SINGLE,0,0,ILLUMINA,Illumina HiSeq 3000,SRP266379,PRJNA637987,,637987,SRS6791200,SAMN15163322,simple,10090,Mus musculus,10X39_2,,,,,?,,no,,,,,KAROLINSKA INSTITUTE,SRA1084386,,public,059F395122C8FA6510C82A73DBF98008,EA6DF4E64791AA94AC9CE11BA3146CB3
SRR11947674,2020-06-08 05:19:32,2020-06-08 05:09:26,162845663,15958874974,0,98,6264,GRCM38,https://sra-downloadb.be-md.ncbi.nlm.nih.gov/sos3/sra-pub-zq-22/SRR011/947/SRR11947674.sralite.1,SRX8491997,10X39_3_A_1,RNA-Seq,Oligo-dT,TRANSCRIPTOMIC SINGLE CELL,SINGLE,0,0,ILLUMINA,Illumina HiSeq 3000,SRP266379,PRJNA637987,,637987,SRS6791201,SAMN15163323,simple,10090,Mus musculus,10X39_3,,,,,?,,no,,,,,KAROLINSKA INSTITUTE,SRA1084386,,public,AA688ADFAD998CC6ECEE321BA2A4E8D4,46E8E4A092996150036D0BAA9CC1B4AD
SRR11947673,2020-06-08 05:07:15,2020-06-08 04:57:13,168054153,16469306994,0,98,5637,GRCM38,https://sra-downloadb.be-md.ncbi.nlm.nih.gov/sos5/sra-pub-zq-16/SRR011/947/SRR11947673.sralite.1,SRX8491998,10X40_3_A_1,RNA-Seq,Oligo-dT,TRANSCRIPTOMIC SINGLE CELL,SINGLE,0,0,ILLUMINA,Illumina HiSeq 3000,SRP266379,PRJNA637987,,637987,SRS6791202,SAMN15163324,simple,10090,Mus musculus,10X40_3,,,,,?,,no,,,,,KAROLINSKA INSTITUTE,SRA1084386,,public,D70A607D41B22386BC181ED33AAB0B13,1E67B5F457AA79E95397E4C9A468F64F
SRR11947671,2020-06-08 05:28:27,2020-06-08 05:18:14,174039859,17055906182,0,98,6149,GRCM38,https://sra-downloadb.be-md.ncbi.nlm.nih.gov/sos5/sra-pub-zq-16/SRR011/947/SRR11947671.sralite.1,SRX8492000,10X40_4_A_1,RNA-Seq,Oligo-dT,TRANSCRIPTOMIC SINGLE CELL,SINGLE,0,0,ILLUMINA,Illumina HiSeq 3000,SRP266379,PRJNA637987,,637987,SRS6791204,SAMN15163325,simple,10090,Mus musculus,10X40_4,,,,,?,,no,,,,,KAROLINSKA INSTITUTE,SRA1084386,,public,9569032F05D30CAB60827C4CF16B2B72,C087C4EE90C6F1345C4D4C0926793BB6
SRR11947670,2020-06-08 05:24:18,2020-06-08 05:11:38,166322407,16299595886,0,98,5817,GRCM38,https://sra-downloadb.be-md.ncbi.nlm.nih.gov/sos3/sra-pub-zq-22/SRR011/947/SRR11947670.sralite.1,SRX8492001,10X40_5_A_1,RNA-Seq,Oligo-dT,TRANSCRIPTOMIC SINGLE CELL,SINGLE,0,0,ILLUMINA,Illumina HiSeq 3000,SRP266379,PRJNA637987,,637987,SRS6791205,SAMN15163326,simple,10090,Mus musculus,10X40_5,,,,,?,,no,,,,,KAROLINSKA INSTITUTE,SRA1084386,,public,E902DBFCC1A7552D7D005DCDE6C937F1,42212D07BBB99E0D97B6E63878480DDF
SRR11947669,2020-06-08 05:23:30,2020-06-08 05:12:29,169707365,16631321770,0,98,6044,GRCM38,https://sra-downloadb.be-md.ncbi.nlm.nih.gov/sos3/sra-pub-zq-22/SRR011/947/SRR11947669.sralite.1,SRX8492002,10X40_6_A_1,RNA-Seq,Oligo-dT,TRANSCRIPTOMIC SINGLE CELL,SINGLE,0,0,ILLUMINA,Illumina HiSeq 3000,SRP266379,PRJNA637987,,637987,SRS6791206,SAMN15163327,simple,10090,Mus musculus,10X40_6,,,,,?,,no,,,,,KAROLINSKA INSTITUTE,SRA1084386,,public,B2540E5583DBED78A5EB3B072B598E75,5BD045C3AEF576FF619CDB6FC6EB8C96
SRR11947668,2020-06-08 05:42:14,2020-06-08 05:25:37,172098086,16865612428,0,98,5754,GRCM38,https://sra-downloadb.be-md.ncbi.nlm.nih.gov/sos3/sra-pub-zq-22/SRR011/947/SRR11947668.sralite.1,SRX8492003,10X41_3_A_1,RNA-Seq,Oligo-dT,TRANSCRIPTOMIC SINGLE CELL,SINGLE,0,0,ILLUMINA,Illumina HiSeq 3000,SRP266379,PRJNA637987,,637987,SRS6791207,SAMN15163328,simple,10090,Mus musculus,10X41_3,,,,,?,,no,,,,,KAROLINSKA INSTITUTE,SRA1084386,,public,3F1CE627E0BA2E16BBA8C02DF01CB695,BFEF17397483ABBBF8418400674A3548
SRR11947667,2020-06-08 05:09:16,2020-06-08 04:55:49,164237512,16095276176,0,98,5497,GRCM38,https://sra-downloadb.be-md.ncbi.nlm.nih.gov/sos3/sra-pub-zq-22/SRR011/947/SRR11947667.sralite.1,SRX8492004,10X41_4_A_1,RNA-Seq,Oligo-dT,TRANSCRIPTOMIC SINGLE CELL,SINGLE,0,0,ILLUMINA,Illumina HiSeq 3000,SRP266379,PRJNA637987,,637987,SRS6791208,SAMN15163329,simple,10090,Mus musculus,10X41_4,,,,,?,,no,,,,,KAROLINSKA INSTITUTE,SRA1084386,,public,32153248E40DD29C2D1F279DDAE2660B,4D40784E3BD1F8AFDEFB45B13D5FD471
SRR11947666,2020-06-08 05:20:12,2020-06-08 05:02:30,176202455,17267840590,0,98,5432,GRCM38,https://sra-downloadb.be-md.ncbi.nlm.nih.gov/sos3/sra-pub-zq-22/SRR011/947/SRR11947666.sralite.1,SRX8492005,10X41_6_A_1,RNA-Seq,Oligo-dT,TRANSCRIPTOMIC SINGLE CELL,SINGLE,0,0,ILLUMINA,Illumina HiSeq 3000,SRP266379,PRJNA637987,,637987,SRS6791209,SAMN15163330,simple,10090,Mus musculus,10X41_6,,,,,?,,no,,,,,KAROLINSKA INSTITUTE,SRA1084386,,public,F18617E8421A48C82C8F4B8773847934,7EC2EADD72944637B1B52B75DC0F4ABC
SRR11947665,2020-06-08 05:15:32,2020-06-08 05:00:16,165488697,16217892306,0,98,5782,GRCM38,https://sra-downloadb.be-md.ncbi.nlm.nih.gov/sos3/sra-pub-zq-22/SRR011/947/SRR11947665.sralite.1,SRX8492006,10X42_3_A_1,RNA-Seq,Oligo-dT,TRANSCRIPTOMIC SINGLE CELL,SINGLE,0,0,ILLUMINA,Illumina HiSeq 3000,SRP266379,PRJNA637987,,637987,SRS6791210,SAMN15163331,simple,10090,Mus musculus,10X42_3,,,,,?,,no,,,,,KAROLINSKA INSTITUTE,SRA1084386,,public,06262437363756669787A357D8A8DB24,CDCAC24AC166BCEE4AA5DF3878615E8D
SRR11947664,2020-06-08 05:22:14,2020-06-08 05:09:22,166866592,16352926016,0,98,5775,GRCM38,https://sra-downloadb.be-md.ncbi.nlm.nih.gov/sos3/sra-pub-zq-22/SRR011/947/SRR11947664.sralite.1,SRX8492007,10X44_3_A_1,RNA-Seq,Oligo-dT,TRANSCRIPTOMIC SINGLE CELL,SINGLE,0,0,ILLUMINA,Illumina HiSeq 3000,SRP266379,PRJNA637987,,637987,SRS6791211,SAMN15163332,simple,10090,Mus musculus,10X44_3,,,,,?,,no,,,,,KAROLINSKA INSTITUTE,SRA1084386,,public,49E8771361951A7B271AF8FBD9538EEB,66D62C16C23871070B8E4E7C01B8FD56
SRR11947663,2020-06-08 05:10:33,2020-06-08 04:59:05,182234331,17858964438,0,98,6011,GRCM38,https://sra-downloadb.be-md.ncbi.nlm.nih.gov/sos3/sra-pub-zq-22/SRR011/947/SRR11947663.sralite.1,SRX8492008,10X45_2_A_1,RNA-Seq,Oligo-dT,TRANSCRIPTOMIC SINGLE CELL,SINGLE,0,0,ILLUMINA,Illumina HiSeq 3000,SRP266379,PRJNA637987,,637987,SRS6791212,SAMN15163333,simple,10090,Mus musculus,10X45_2,,,,,?,,no,,,,,KAROLINSKA INSTITUTE,SRA1084386,,public,E8D27E5F432F57899B2D4F4F76652BA8,62D59D1D8DF71986FFC34FBFF938AD30
SRR11947662,2020-06-08 04:50:28,2020-06-08 04:37:48,157072612,15393115976,0,98,5278,GRCM38,https://sra-downloadb.be-md.ncbi.nlm.nih.gov/sos3/sra-pub-zq-22/SRR011/947/SRR11947662.sralite.1,SRX8492009,10X45_4_A_1,RNA-Seq,Oligo-dT,TRANSCRIPTOMIC SINGLE CELL,SINGLE,0,0,ILLUMINA,Illumina HiSeq 3000,SRP266379,PRJNA637987,,637987,SRS6791213,SAMN15163334,simple,10090,Mus musculus,10X45_4,,,,,?,,no,,,,,KAROLINSKA INSTITUTE,SRA1084386,,public,4211FB4523F38814E09E342E9D9EB996,78FA949DF42B6C18A91D720CAEBDED07
SRR11947657,2020-06-08 05:43:46,2020-06-08 05:24:16,169868216,16647085168,0,98,5535,GRCM38,https://sra-downloadb.be-md.ncbi.nlm.nih.gov/sos3/sra-pub-zq-22/SRR011/947/SRR11947657.sralite.1,SRX8492014,10X45_5_A_1,RNA-Seq,Oligo-dT,TRANSCRIPTOMIC SINGLE CELL,SINGLE,0,0,ILLUMINA,Illumina HiSeq 3000,SRP266379,PRJNA637987,,637987,SRS6791218,SAMN15163335,simple,10090,Mus musculus,10X45_5,,,,,?,,no,,,,,KAROLINSKA INSTITUTE,SRA1084386,,public,F614F3AB4805B6037987E1DB341A765A,7A1490F088433217CCBBCFC91D12DD78
SRR11947656,2020-06-08 05:09:16,2020-06-08 05:00:11,173995701,17051578698,0,98,5804,GRCM38,https://sra-downloadb.be-md.ncbi.nlm.nih.gov/sos5/sra-pub-zq-16/SRR011/947/SRR11947656.sralite.1,SRX8492015,10X45_6_A_1,RNA-Seq,Oligo-dT,TRANSCRIPTOMIC SINGLE CELL,SINGLE,0,0,ILLUMINA,Illumina HiSeq 3000,SRP266379,PRJNA637987,,637987,SRS6791219,SAMN15163336,simple,10090,Mus musculus,10X45_6,,,,,?,,no,,,,,KAROLINSKA INSTITUTE,SRA1084386,,public,742D67E8FBE5714388C4D693533FA087,BE1D81EDEF65B660E90EB3BEE8796805
SRR11947655,2020-06-08 05:50:36,2020-06-08 05:32:59,174773505,17127803490,0,98,5747,GRCM38,https://sra-downloadb.be-md.ncbi.nlm.nih.gov/sos3/sra-pub-zq-22/SRR011/947/SRR11947655.sralite.1,SRX8492016,10X47_2_A_1,RNA-Seq,Oligo-dT,TRANSCRIPTOMIC SINGLE CELL,SINGLE,0,0,ILLUMINA,Illumina HiSeq 3000,SRP266379,PRJNA637987,,637987,SRS6791220,SAMN15163337,simple,10090,Mus musculus,10X47_2,,,,,pooled male and female,,no,,,,,KAROLINSKA INSTITUTE,SRA1084386,,public,7B2091D8D97555DC4D688B2E8B27CB01,CEE7695DDC0584318ED340422ED85390
SRR11947654,2020-06-08 04:52:36,2020-06-08 04:40:51,165069602,16176820996,0,98,5656,GRCM38,https://sra-downloadb.be-md.ncbi.nlm.nih.gov/sos3/sra-pub-zq-22/SRR011/947/SRR11947654.sralite.1,SRX8492017,10X47_3_A_1,RNA-Seq,Oligo-dT,TRANSCRIPTOMIC SINGLE CELL,SINGLE,0,0,ILLUMINA,Illumina HiSeq 3000,SRP266379,PRJNA637987,,637987,SRS6791221,SAMN15163338,simple,10090,Mus musculus,10X47_3,,,,,pooled male and female,,no,,,,,KAROLINSKA INSTITUTE,SRA1084386,,public,A7A111898110C2EA2563655A4964FBB5,8C8BEE66CE8CF87B8DCB07816B7CA9FD
SRR11947653,2020-06-08 05:34:49,2020-06-08 05:13:05,172054258,16861317284,0,98,6878,GRCM38,https://sra-downloadb.be-md.ncbi.nlm.nih.gov/sos5/sra-pub-zq-16/SRR011/947/SRR11947653.sralite.1,SRX8492018,10X58_5_A_1,RNA-Seq,Oligo-dT,TRANSCRIPTOMIC SINGLE CELL,SINGLE,0,0,ILLUMINA,Illumina HiSeq 3000,SRP266379,PRJNA637987,,637987,SRS6791222,SAMN15163339,simple,10090,Mus musculus,10X58_5,,,,,?,,no,,,,,KAROLINSKA INSTITUTE,SRA1084386,,public,279D9C5E76BA88C664D224E8939C81C3,1B4ACF5F1EB2C92A46EA1133E38428DE
SRR11947652,2020-06-08 04:33:37,2020-06-08 04:25:46,75370723,7386330854,0,98,2767,GRCM38,https://sra-downloadb.be-md.ncbi.nlm.nih.gov/sos3/sra-pub-zq-22/SRR011/947/SRR11947652.sralite.1,SRX8492019,10X59_3_A_1,RNA-Seq,Oligo-dT,TRANSCRIPTOMIC SINGLE CELL,SINGLE,0,0,ILLUMINA,Illumina HiSeq 3000,SRP266379,PRJNA637987,,637987,SRS6791223,SAMN15163340,simple,10090,Mus musculus,10X59_3,,,,,?,,no,,,,,KAROLINSKA INSTITUTE,SRA1084386,,public,0A1874D1E941FE8DBFDC4C4935E4D688,0A59D34A0F5395ECB84935A14549DB52
SRR11947651,2020-06-08 05:10:33,2020-06-08 04:55:51,169961357,16656212986,0,98,6481,GRCM38,https://sra-downloadb.be-md.ncbi.nlm.nih.gov/sos3/sra-pub-zq-22/SRR011/947/SRR11947651.sralite.1,SRX8492020,10X59_5_A_1,RNA-Seq,Oligo-dT,TRANSCRIPTOMIC SINGLE CELL,SINGLE,0,0,ILLUMINA,Illumina HiSeq 3000,SRP266379,PRJNA637987,,637987,SRS6791224,SAMN15163341,simple,10090,Mus musculus,10X59_5,,,,,?,,no,,,,,KAROLINSKA INSTITUTE,SRA1084386,,public,603EF52E69E7AA01906114DE182AF92C,8081D2C164362FE544F5B2BB76835C91
SRR11947650,2020-06-08 05:14:13,2020-06-08 05:01:40,176913450,17337518100,0,98,6421,GRCM38,https://sra-downloadb.be-md.ncbi.nlm.nih.gov/sos3/sra-pub-zq-22/SRR011/947/SRR11947650.sralite.1,SRX8492021,10X59_6_A_1,RNA-Seq,Oligo-dT,TRANSCRIPTOMIC SINGLE CELL,SINGLE,0,0,ILLUMINA,Illumina HiSeq 3000,SRP266379,PRJNA637987,,637987,SRS6791225,SAMN15163342,simple,10090,Mus musculus,10X59_6,,,,,?,,no,,,,,KAROLINSKA INSTITUTE,SRA1084386,,public,47CA8FB37D00DF107B9C5F22A176A8EC,48AC781E105FD3C06ECAB7F0C9F332FD
SRR11947649,2020-06-08 05:38:13,2020-06-08 05:19:34,180076878,17647534044,0,98,6496,GRCM38,https://sra-downloadb.be-md.ncbi.nlm.nih.gov/sos3/sra-pub-zq-22/SRR011/947/SRR11947649.sralite.1,SRX8492022,10X59_7_A_1,RNA-Seq,Oligo-dT,TRANSCRIPTOMIC SINGLE CELL,SINGLE,0,0,ILLUMINA,Illumina HiSeq 3000,SRP266379,PRJNA637987,,637987,SRS6791226,SAMN15163343,simple,10090,Mus musculus,10X59_7,,,,,?,,no,,,,,KAROLINSKA INSTITUTE,SRA1084386,,public,3FC3DE2C9E1C0983654118179F377958,5456F5A5BDEF5242AEF9976766171420
SRR11947648,2020-06-08 05:27:15,2020-06-08 05:11:40,178953372,17537430456,0,98,6686,GRCM38,https://sra-downloadb.be-md.ncbi.nlm.nih.gov/sos3/sra-pub-zq-22/SRR011/947/SRR11947648.sralite.1,SRX8492023,10X60_2_A_1,RNA-Seq,Oligo-dT,TRANSCRIPTOMIC SINGLE CELL,SINGLE,0,0,ILLUMINA,Illumina HiSeq 3000,SRP266379,PRJNA637987,,637987,SRS6791227,SAMN15163344,simple,10090,Mus musculus,10X60_2,,,,,?,,no,,,,,KAROLINSKA INSTITUTE,SRA1084386,,public,9BB1890EC55AE4318E388FADC7A37482,FD3D15462E0C99B5DCE08BD28CD3BB6C
SRR11947646,2020-06-08 04:56:31,2020-06-08 04:46:31,178036231,17447550638,0,98,6086,GRCM38,https://sra-downloadb.be-md.ncbi.nlm.nih.gov/sos3/sra-pub-zq-22/SRR011/947/SRR11947646.sralite.1,SRX8492025,10X60_3_A_1,RNA-Seq,Oligo-dT,TRANSCRIPTOMIC SINGLE CELL,SINGLE,0,0,ILLUMINA,Illumina HiSeq 3000,SRP266379,PRJNA637987,,637987,SRS6791229,SAMN15163345,simple,10090,Mus musculus,10X60_3,,,,,?,,no,,,,,KAROLINSKA INSTITUTE,SRA1084386,,public,F4153EE5EAC7CD89A275579425B90C26,E4C544600B6FE7BD0AA996BFCA50BF1E
SRR11947645,2020-06-08 05:04:30,2020-06-08 04:59:40,92451221,9060219658,0,98,3271,GRCM38,https://sra-downloadb.be-md.ncbi.nlm.nih.gov/sos5/sra-pub-zq-16/SRR011/947/SRR11947645.sralite.1,SRX8492026,10X61_5_A_1,RNA-Seq,Oligo-dT,TRANSCRIPTOMIC SINGLE CELL,SINGLE,0,0,ILLUMINA,Illumina HiSeq 3000,SRP266379,PRJNA637987,,637987,SRS6791230,SAMN15163346,simple,10090,Mus musculus,10X61_5,,,,,?,,no,,,,,KAROLINSKA INSTITUTE,SRA1084386,,public,D8F9AA99EB1FB6159ECA40F144E98F99,2308EA963718BBA83EED208D88A6FEB0
SRR11947644,2020-06-08 04:47:33,2020-06-08 04:29:13,85510455,8380024590,0,98,3198,GRCM38,https://sra-downloadb.be-md.ncbi.nlm.nih.gov/sos5/sra-pub-zq-16/SRR011/947/SRR11947644.sralite.1,SRX8492027,10X62_3_A_1,RNA-Seq,Oligo-dT,TRANSCRIPTOMIC SINGLE CELL,SINGLE,0,0,ILLUMINA,Illumina HiSeq 3000,SRP266379,PRJNA637987,,637987,SRS6791231,SAMN15163347,simple,10090,Mus musculus,10X62_3,,,,,?,,no,,,,,KAROLINSKA INSTITUTE,SRA1084386,,public,1650F46E45DCA340DE51DBC97676EA66,D1B9238FA7CF30777650FE964064A7A3
SRR11947643,2020-06-08 05:41:31,2020-06-08 05:24:18,180554320,17694323360,0,98,6331,GRCM38,https://sra-downloadb.be-md.ncbi.nlm.nih.gov/sos3/sra-pub-zq-22/SRR011/947/SRR11947643.sralite.1,SRX8492028,10X64_3_A_1,RNA-Seq,Oligo-dT,TRANSCRIPTOMIC SINGLE CELL,SINGLE,0,0,ILLUMINA,Illumina HiSeq 3000,SRP266379,PRJNA637987,,637987,SRS6791232,SAMN15163348,simple,10090,Mus musculus,10X64_3,,,,,?,,no,,,,,KAROLINSKA INSTITUTE,SRA1084386,,public,85203228328760E9BDD9754CCC72F87D,57DB0A350700423314DAD4409D0820DC
SRR11947642,2020-06-08 05:34:49,2020-06-08 05:20:09,178232836,17466817928,0,98,6453,GRCM38,https://sra-downloadb.be-md.ncbi.nlm.nih.gov/sos3/sra-pub-zq-22/SRR011/947/SRR11947642.sralite.1,SRX8492029,10X66_3_A_1,RNA-Seq,Oligo-dT,TRANSCRIPTOMIC SINGLE CELL,SINGLE,0,0,ILLUMINA,Illumina HiSeq 3000,SRP266379,PRJNA637987,,637987,SRS6791233,SAMN15163349,simple,10090,Mus musculus,10X66_3,,,,,?,,no,,,,,KAROLINSKA INSTITUTE,SRA1084386,,public,F261232EC22EBAEF6881E82D1D80500E,64D9865CA6B3F966B69C10B885FFCE77
SRR11947641,2020-06-08 05:19:32,2020-06-08 04:59:42,186031308,18231068184,0,98,6926,GRCM38,https://sra-downloadb.be-md.ncbi.nlm.nih.gov/sos5/sra-pub-zq-16/SRR011/947/SRR11947641.sralite.1,SRX8492030,10X66_4_A_1,RNA-Seq,Oligo-dT,TRANSCRIPTOMIC SINGLE CELL,SINGLE,0,0,ILLUMINA,Illumina HiSeq 3000,SRP266379,PRJNA637987,,637987,SRS6791234,SAMN15163350,simple,10090,Mus musculus,10X66_4,,,,,?,,no,,,,,KAROLINSKA INSTITUTE,SRA1084386,,public,7B806CD55B7EEC77B92A9007AF5BAE7A,5EED9ED0E118ABF68C1EED7BD504D361
SRR11947640,2020-06-08 05:04:30,2020-06-08 04:46:58,150238080,14723331840,0,98,5688,GRCM38,https://sra-downloadb.be-md.ncbi.nlm.nih.gov/sos3/sra-pub-zq-22/SRR011/947/SRR11947640.sralite.1,SRX8492031,10X68_3_A_1,RNA-Seq,Oligo-dT,TRANSCRIPTOMIC SINGLE CELL,SINGLE,0,0,ILLUMINA,Illumina HiSeq 3000,SRP266379,PRJNA637987,,637987,SRS6791235,SAMN15163351,simple,10090,Mus musculus,10X68_3,,,,,?,,no,,,,,KAROLINSKA INSTITUTE,SRA1084386,,public,FEAA7780E59D7FCA725CD63A296269A7,99E8D89B44EB2F0E6DB5C666BB880473
SRR11947639,2020-06-08 05:38:13,2020-06-08 05:17:39,186127026,18240448548,0,98,6542,GRCM38,https://sra-downloadb.be-md.ncbi.nlm.nih.gov/sos3/sra-pub-zq-22/SRR011/947/SRR11947639.sralite.1,SRX8492032,10X68_4_A_1,RNA-Seq,Oligo-dT,TRANSCRIPTOMIC SINGLE CELL,SINGLE,0,0,ILLUMINA,Illumina HiSeq 3000,SRP266379,PRJNA637987,,637987,SRS6791236,SAMN15163352,simple,10090,Mus musculus,10X68_4,,,,,?,,no,,,,,KAROLINSKA INSTITUTE,SRA1084386,,public,D0C38E4B0FB09044266C9E97FDCEF6E4,146BBB4F69AE915EB760C97C58C95785
SRR11947638,2020-06-08 05:16:13,2020-06-08 05:03:10,184403790,18071571420,0,98,6514,GRCM38,https://sra-downloadb.be-md.ncbi.nlm.nih.gov/sos5/sra-pub-zq-16/SRR011/947/SRR11947638.sralite.1,SRX8492033,10X68_5_A_1,RNA-Seq,Oligo-dT,TRANSCRIPTOMIC SINGLE CELL,SINGLE,0,0,ILLUMINA,Illumina HiSeq 3000,SRP266379,PRJNA637987,,637987,SRS6791237,SAMN15163353,simple,10090,Mus musculus,10X68_5,,,,,?,,no,,,,,KAROLINSKA INSTITUTE,SRA1084386,,public,6D22C9AEF19C8B1D818F7E33FB6DF966,BA6F944A8B5C4ECF1F4C26D6D824A616
SRR11947685,2020-06-08 05:34:49,2020-06-08 05:20:21,191260067,18743486566,0,98,5585,GRCM38,https://sra-downloadb.be-md.ncbi.nlm.nih.gov/sos3/sra-pub-zq-22/SRR011/947/SRR11947685.sralite.1,SRX8491986,10X30_4_A_1,RNA-Seq,Oligo-dT,TRANSCRIPTOMIC SINGLE CELL,SINGLE,0,0,ILLUMINA,Illumina HiSeq 3000,SRP266379,PRJNA637987,,637987,SRS6791190,SAMN15163313,simple,10090,Mus musculus,10X30_4,,,,,?,,no,,,,,KAROLINSKA INSTITUTE,SRA1084386,,public,B5537D6ADF7EA75F77AF6E58EAB5C71B,3F5A8FB697E7DE7F98EE8880EE28E717
SRR11947684,2020-06-08 05:34:49,2020-06-08 05:23:39,168066449,16470512002,0,98,5392,GRCM38,https://sra-downloadb.be-md.ncbi.nlm.nih.gov/sos3/sra-pub-zq-22/SRR011/947/SRR11947684.sralite.1,SRX8491987,10X30_5_A_1,RNA-Seq,Oligo-dT,TRANSCRIPTOMIC SINGLE CELL,SINGLE,0,0,ILLUMINA,Illumina HiSeq 3000,SRP266379,PRJNA637987,,637987,SRS6791191,SAMN15163314,simple,10090,Mus musculus,10X30_5,,,,,?,,no,,,,,KAROLINSKA INSTITUTE,SRA1084386,,public,A27B7675EA1AF1F8532F6F18FD2B73BB,C16FD099851CCD4755281AE4C4609657
SRR11947683,2020-06-08 05:15:32,2020-06-08 04:47:34,158007308,15484716184,0,98,5947,GRCM38,https://sra-downloadb.be-md.ncbi.nlm.nih.gov/sos3/sra-pub-zq-22/SRR011/947/SRR11947683.sralite.1,SRX8491988,10X10_3_A_1,RNA-Seq,Oligo-dT,TRANSCRIPTOMIC SINGLE CELL,SINGLE,0,0,ILLUMINA,Illumina HiSeq 3000,SRP266379,PRJNA637987,,637987,SRS6791192,SAMN15163270,simple,10090,Mus musculus,10X10_3,,,,,?,,no,,,,,KAROLINSKA INSTITUTE,SRA1084386,,public,ED76868E76F17757003F81BB221B210E,CDB11F0D615A720167150D06F835D3B2
SRR11947682,2020-06-08 05:23:29,2020-06-08 05:10:23,191890748,18805293304,0,98,6173,GRCM38,https://sra-downloadb.be-md.ncbi.nlm.nih.gov/sos3/sra-pub-zq-22/SRR011/947/SRR11947682.sralite.1,SRX8491989,10X31_5_A_1,RNA-Seq,Oligo-dT,TRANSCRIPTOMIC SINGLE CELL,SINGLE,0,0,ILLUMINA,Illumina HiSeq 3000,SRP266379,PRJNA637987,,637987,SRS6791193,SAMN15163315,simple,10090,Mus musculus,10X31_5,,,,,?,,no,,,,,KAROLINSKA INSTITUTE,SRA1084386,,public,121EBD89BC2CC631C216CC7F525541E1,3FA7BE2C55A6A7387D178C7C486003E1
SRR11947681,2020-06-08 05:08:32,2020-06-08 04:53:35,194898610,19100063780,0,98,5740,GRCM38,https://sra-downloadb.be-md.ncbi.nlm.nih.gov/sos3/sra-pub-zq-22/SRR011/947/SRR11947681.sralite.1,SRX8491990,10X32_2_A_1,RNA-Seq,Oligo-dT,TRANSCRIPTOMIC SINGLE CELL,SINGLE,0,0,ILLUMINA,Illumina HiSeq 3000,SRP266379,PRJNA637987,,637987,SRS6791194,SAMN15163316,simple,10090,Mus musculus,10X32_2,,,,,?,,no,,,,,KAROLINSKA INSTITUTE,SRA1084386,,public,04638D797F1877F04EEC1169EFC0A1B2,518ACE7E279ECFFEEFE3FD0337B781CE
SRR11947680,2020-06-08 05:09:16,2020-06-08 04:58:38,183797290,18012134420,0,98,5780,GRCM38,https://sra-downloadb.be-md.ncbi.nlm.nih.gov/sos3/sra-pub-zq-22/SRR011/947/SRR11947680.sralite.1,SRX8491991,10X32_3_A_1,RNA-Seq,Oligo-dT,TRANSCRIPTOMIC SINGLE CELL,SINGLE,0,0,ILLUMINA,Illumina HiSeq 3000,SRP266379,PRJNA637987,,637987,SRS6791195,SAMN15163317,simple,10090,Mus musculus,10X32_3,,,,,?,,no,,,,,KAROLINSKA INSTITUTE,SRA1084386,,public,6A62609A573C5C7B5304DCBBFDD28B08,A62208FF9A5E5AA853D12B97E5DCB68A
SRR11947679,2020-06-08 05:23:30,2020-06-08 05:02:23,177169718,17362632364,0,98,5398,GRCM38,https://sra-downloadb.be-md.ncbi.nlm.nih.gov/sos3/sra-pub-zq-22/SRR011/947/SRR11947679.sralite.1,SRX8491992,10X32_4_A_1,RNA-Seq,Oligo-dT,TRANSCRIPTOMIC SINGLE CELL,SINGLE,0,0,ILLUMINA,Illumina HiSeq 3000,SRP266379,PRJNA637987,,637987,SRS6791196,SAMN15163318,simple,10090,Mus musculus,10X32_4,,,,,?,,no,,,,,KAROLINSKA INSTITUTE,SRA1084386,,public,FFC3AF517B8F00079AE521BBE5237106,B324190AAF9ECEDFDF340AF79D48DF7A
SRR11947678,2020-06-08 05:46:13,2020-06-08 05:32:09,182685762,17903204676,0,98,5692,GRCM38,https://sra-downloadb.be-md.ncbi.nlm.nih.gov/sos3/sra-pub-zq-22/SRR011/947/SRR11947678.sralite.1,SRX8491993,10X32_5_A_1,RNA-Seq,Oligo-dT,TRANSCRIPTOMIC SINGLE CELL,SINGLE,0,0,ILLUMINA,Illumina HiSeq 3000,SRP266379,PRJNA637987,,637987,SRS6791197,SAMN15163319,simple,10090,Mus musculus,10X32_5,,,,,?,,no,,,,,KAROLINSKA INSTITUTE,SRA1084386,,public,36EF5430CEE740290B09279009471BF9,AB62C2B76BD7D6F6EFE0CA1A5A5C55A9
